{
  "project_info": {
    "project_number": "1080552643190",
    "project_id": "eemmproiect24",
    "storage_bucket": "eemmproiect24.appspot.com"
  },
  "client": [
    {
      "client_info": {
        "mobilesdk_app_id": "1:1080552643190:android:ad8c86c310e8de51e15d57",
        "android_client_info": {
          "package_name": "com.example.menabil_elida_mateescu_elena_1082"
        }
      },
      "oauth_client": [
        {
          "client_id": "1080552643190-duaedau3ef01qd6ij6l47moct3i98fef.apps.googleusercontent.com",
          "client_type": 3
        }
      ],
      "api_key": [
        {
          "current_key": "AIzaSyCsPRT_0wp3ZdibqRgmu6TbQnJekvxnQwc"
        }
      ],
      "services": {
        "appinvite_service": {
          "other_platform_oauth_client": [
            {
              "client_id": "1080552643190-duaedau3ef01qd6ij6l47moct3i98fef.apps.googleusercontent.com",
              "client_type": 3
            }
          ]
        }
      }
    }
  ],
  "configuration_version": "1"
}